<?xml version='1.0' encoding='utf-8' standalone='yes' ?>
<map>
    <long name="fire-count" value="1" />
    <string name="last-used-date">2025-09-21</string>
    <long name="fire-global" value="1758441548092" />
    <set name="fire-transport/18.2.0 fire-installations/18.0.0 fire-auth/23.0.0 device-brand/Redmi fire-rc/22.0.0 android-min-sdk/23 device-model/selene device-name/selene_global fire-abt/21.1.1 fire-android/33 android-installer/com.android.vending fire-core/21.0.0 fire-core-ktx/21.0.0 fire-fst/25.0.0 fire-analytics/22.0.2 kotlin/1.9.10 android-platform/ android-target-sdk/27 fire-fcm/24.0.0">
        <string>2025-09-21</string>
    </set>
</map>
